{
	"info": {
		"_postman_id": "542765c7-0ccb-47e3-834a-b812f9b42826",
		"name": "Employee Tracking",
		"description": "# 🚀 Get started here\n\nThis template guides you through CRUD operations (GET, POST, PUT, DELETE), variables, and tests.\n\n## 🔖 **How to use this template**\n\n#### **Step 1: Send requests**\n\nRESTful APIs allow you to perform CRUD operations using the POST, GET, PUT, and DELETE HTTP methods.\n\nThis collection contains each of these [request](https://learning.postman.com/docs/sending-requests/requests/) types. Open each request and click \"Send\" to see what happens.\n\n#### **Step 2: View responses**\n\nObserve the response tab for status code (200 OK), response time, and size.\n\n#### **Step 3: Send new Body data**\n\nUpdate or add new data in \"Body\" in the POST request. Typically, Body data is also used in PUT request.\n\n```\n{\n    \"name\": \"Add your name in the body\"\n}\n\n ```\n\n#### **Step 4: Update the variable**\n\nVariables enable you to store and reuse values in Postman. We have created a [variable](https://learning.postman.com/docs/sending-requests/variables/) called `base_url` with the sample request [https://postman-api-learner.glitch.me](https://postman-api-learner.glitch.me). Replace it with your API endpoint to customize this collection.\n\n#### **Step 5: Add tests in the \"Scripts\" tab**\n\nAdding tests to your requests can help you confirm that your API is working as expected. You can write test scripts in JavaScript and view the output in the \"Test Results\" tab.\n\n<img src=\"https://content.pstmn.io/fa30ea0a-373d-4545-a668-e7b283cca343/aW1hZ2UucG5n\" alt=\"\" height=\"1530\" width=\"2162\">\n\n## 💪 Pro tips\n\n- Use folders to group related requests and organize the collection.\n    \n- Add more [scripts](https://learning.postman.com/docs/writing-scripts/intro-to-scripts/) to verify if the API works as expected and execute workflows.\n    \n\n## 💡Related templates\n\n[API testing basics](https://go.postman.co/redirect/workspace?type=personal&collectionTemplateId=e9a37a28-055b-49cd-8c7e-97494a21eb54&sourceTemplateId=ddb19591-3097-41cf-82af-c84273e56719)  \n[API documentation](https://go.postman.co/redirect/workspace?type=personal&collectionTemplateId=e9c28f47-1253-44af-a2f3-20dce4da1f18&sourceTemplateId=ddb19591-3097-41cf-82af-c84273e56719)  \n[Authorization methods](https://go.postman.co/redirect/workspace?type=personal&collectionTemplateId=31a9a6ed-4cdf-4ced-984c-d12c9aec1c27&sourceTemplateId=ddb19591-3097-41cf-82af-c84273e56719)",
		"schema": "https://schema.getpostman.com/json/collection/v2.1.0/collection.json",
		"_exporter_id": "25948402",
		"_collection_link": "https://employee-tracking-team.postman.co/workspace/Employee-Tracking-Team-Workspac~7f41cd94-00bf-42a4-8d63-f59c865cc20a/collection/25948402-542765c7-0ccb-47e3-834a-b812f9b42826?action=share&source=collection_link&creator=25948402"
	},
	"item": [
		{
			"name": "Auth",
			"item": [
				{
					"name": "complete register",
					"event": [
						{
							"listen": "test",
							"script": {
								"exec": [
									""
								],
								"type": "text/javascript",
								"packages": {}
							}
						},
						{
							"listen": "prerequest",
							"script": {
								"exec": [
									""
								],
								"type": "text/javascript",
								"packages": {}
							}
						}
					],
					"request": {
						"method": "POST",
						"header": [],
						"body": {
							"mode": "raw",
							"raw": "{\n  \"firstName\": \"Abdullah\",\n  \"lastName\": \"Karakoç\",\n  \"dateOfBirth\": \"1990-01-15T00:00:00Z\",\n  \"phone\": \"05423351265\",\n  \"password\": \"12345678\",\n  \"activationCode\": \"741988\"\n}",
							"options": {
								"raw": {
									"language": "json"
								}
							}
						},
						"url": {
							"raw": "{{api_url}}:{{api_port}}/api/v1/auth/complete-register",
							"host": [
								"{{api_url}}"
							],
							"port": "{{api_port}}",
							"path": [
								"api",
								"v1",
								"auth",
								"complete-register"
							]
						},
						"description": "This is a POST request, submitting data to an API via the request body. This request submits JSON data, and the data is reflected in the response.\n\nA successful POST request typically returns a `200 OK` or `201 Created` response code."
					},
					"response": []
				},
				{
					"name": "activate account",
					"event": [
						{
							"listen": "test",
							"script": {
								"exec": [
									"pm.test(\"Status code is 200\", function () {",
									"    pm.response.to.have.status(200);",
									"});"
								],
								"type": "text/javascript",
								"packages": {}
							}
						}
					],
					"request": {
						"method": "GET",
						"header": [],
						"url": {
							"raw": "{{api_url}}:{{api_port}}/api/v1/auth/activate-account?activationCode=576398",
							"host": [
								"{{api_url}}"
							],
							"port": "{{api_port}}",
							"path": [
								"api",
								"v1",
								"auth",
								"activate-account"
							],
							"query": [
								{
									"key": "activationCode",
									"value": "576398"
								}
							]
						},
						"description": "This is a GET request and it is used to \"get\" data from an endpoint. There is no request body for a GET request, but you can use query parameters to help specify the resource you want data on (e.g., in this request, we have `id=1`).\n\nA successful GET response will have a `200 OK` status, and should include some kind of response body - for example, HTML web content or JSON data."
					},
					"response": []
				},
				{
					"name": "login",
					"event": [
						{
							"listen": "test",
							"script": {
								"exec": [
									""
								],
								"type": "text/javascript",
								"packages": {}
							}
						}
					],
					"request": {
						"auth": {
							"type": "noauth"
						},
						"method": "POST",
						"header": [],
						"body": {
							"mode": "raw",
							"raw": "{\n  \"email\": \"superuser@gmail.com\",\n  \"password\": \"SuperUser123\"\n}",
							"options": {
								"raw": {
									"language": "json"
								}
							}
						},
						"url": {
							"raw": "http://localhost:8088/api/v1/auth/authenticate",
							"protocol": "http",
							"host": [
								"localhost"
							],
							"port": "8088",
							"path": [
								"api",
								"v1",
								"auth",
								"authenticate"
							]
						},
						"description": "This is a PUT request and it is used to overwrite an existing piece of data. For instance, after you create an entity with a POST request, you may want to modify that later. You can do that using a PUT request. You typically identify the entity being updated by including an identifier in the URL (eg. `id=1`).\n\nA successful PUT request typically returns a `200 OK`, `201 Created`, or `204 No Content` response code."
					},
					"response": []
				},
				{
					"name": "Invite",
					"request": {
						"method": "POST",
						"header": [],
						"body": {
							"mode": "raw",
							"raw": "{\r\n  \"email\": \"abdullahkrkc1453@gmail.com\",\r\n  \"role\": \"USER\"\r\n}",
							"options": {
								"raw": {
									"language": "json"
								}
							}
						},
						"url": {
							"raw": "http://localhost:8088/api/v1/auth/invite",
							"protocol": "http",
							"host": [
								"localhost"
							],
							"port": "8088",
							"path": [
								"api",
								"v1",
								"auth",
								"invite"
							]
						}
					},
					"response": []
				}
			]
		},
		{
			"name": "Teams",
			"item": [
				{
					"name": "New Request",
					"request": {
						"method": "POST",
						"header": [],
						"body": {
							"mode": "raw",
							"raw": "{\r\n  \"teamName\": \"string\",\r\n  \"description\": \"string\"\r\n}\r\n",
							"options": {
								"raw": {
									"language": "json"
								}
							}
						},
						"url": {
							"raw": "{{api_url}}:{{api_port}}/api/v1/teams",
							"host": [
								"{{api_url}}"
							],
							"port": "{{api_port}}",
							"path": [
								"api",
								"v1",
								"teams"
							]
						}
					},
					"response": []
				},
				{
					"name": "New Request",
					"request": {
						"method": "GET",
						"header": [],
						"url": {
							"raw": "{{api_url}}:{{api_port}}/api/v1/teams/4474ffba-1bb2-451d-83b7-d7395b536405",
							"host": [
								"{{api_url}}"
							],
							"port": "{{api_port}}",
							"path": [
								"api",
								"v1",
								"teams",
								"4474ffba-1bb2-451d-83b7-d7395b536405"
							]
						}
					},
					"response": []
				},
				{
					"name": "New Request",
					"request": {
						"method": "GET",
						"header": [],
						"url": {
							"raw": "{{api_url}}:{{api_port}}/api/v1/teams",
							"host": [
								"{{api_url}}"
							],
							"port": "{{api_port}}",
							"path": [
								"api",
								"v1",
								"teams"
							]
						}
					},
					"response": []
				},
				{
					"name": "New Request",
					"request": {
						"method": "PUT",
						"header": [],
						"body": {
							"mode": "raw",
							"raw": "{\r\n  \"teamName\": \"Development1\",\r\n  \"description\": \"This team is responsible for the development of new features and maintenance.\"\r\n}",
							"options": {
								"raw": {
									"language": "json"
								}
							}
						},
						"url": {
							"raw": "{{api_url}}:{{api_port}}/api/v1/teams/4474ffba-1bb2-451d-83b7-d7395b536405",
							"host": [
								"{{api_url}}"
							],
							"port": "{{api_port}}",
							"path": [
								"api",
								"v1",
								"teams",
								"4474ffba-1bb2-451d-83b7-d7395b536405"
							]
						}
					},
					"response": []
				},
				{
					"name": "New Request",
					"request": {
						"method": "DELETE",
						"header": [],
						"url": {
							"raw": "{{api_url}}:{{api_port}}/api/v1/teams/4474ffba-1bb2-451d-83b7-d7395b536405",
							"host": [
								"{{api_url}}"
							],
							"port": "{{api_port}}",
							"path": [
								"api",
								"v1",
								"teams",
								"4474ffba-1bb2-451d-83b7-d7395b536405"
							]
						}
					},
					"response": []
				}
			]
		},
		{
			"name": "Performances",
			"item": [
				{
					"name": "New Request",
					"request": {
						"method": "POST",
						"header": [],
						"body": {
							"mode": "raw",
							"raw": "{\r\n  \"totalPoint\": 85,\r\n  \"commentAmount\": 12,\r\n  \"completedTask\": 7\r\n}\r\n",
							"options": {
								"raw": {
									"language": "json"
								}
							}
						},
						"url": {
							"raw": "{{api_url}}:{{api_port}}/api/v1/performances",
							"host": [
								"{{api_url}}"
							],
							"port": "{{api_port}}",
							"path": [
								"api",
								"v1",
								"performances"
							]
						}
					},
					"response": []
				},
				{
					"name": "New Request",
					"request": {
						"method": "GET",
						"header": [],
						"url": {
							"raw": "{{api_url}}:{{api_port}}/api/v1/performances/bf239145-31fa-4987-86b6-5a599eb37cd1",
							"host": [
								"{{api_url}}"
							],
							"port": "{{api_port}}",
							"path": [
								"api",
								"v1",
								"performances",
								"bf239145-31fa-4987-86b6-5a599eb37cd1"
							]
						}
					},
					"response": []
				},
				{
					"name": "New Request",
					"request": {
						"method": "GET",
						"header": [],
						"url": {
							"raw": "{{api_url}}:{{api_port}}/api/v1/performances",
							"host": [
								"{{api_url}}"
							],
							"port": "{{api_port}}",
							"path": [
								"api",
								"v1",
								"performances"
							]
						}
					},
					"response": []
				},
				{
					"name": "New Request",
					"request": {
						"method": "PUT",
						"header": [],
						"body": {
							"mode": "raw",
							"raw": "{\r\n  \"teamName\": \"Development1\",\r\n  \"description\": \"This team is responsible for the development of new features and maintenance.\"\r\n}",
							"options": {
								"raw": {
									"language": "json"
								}
							}
						},
						"url": {
							"raw": "{{api_url}}:{{api_port}}/api/v1/performances/bf239145-31fa-4987-86b6-5a599eb37cd1",
							"host": [
								"{{api_url}}"
							],
							"port": "{{api_port}}",
							"path": [
								"api",
								"v1",
								"performances",
								"bf239145-31fa-4987-86b6-5a599eb37cd1"
							]
						}
					},
					"response": []
				},
				{
					"name": "New Request",
					"request": {
						"method": "DELETE",
						"header": [],
						"url": {
							"raw": "{{api_url}}:{{api_port}}/api/v1/performances/bf239145-31fa-4987-86b6-5a599eb37cd1",
							"host": [
								"{{api_url}}"
							],
							"port": "{{api_port}}",
							"path": [
								"api",
								"v1",
								"performances",
								"bf239145-31fa-4987-86b6-5a599eb37cd1"
							]
						}
					},
					"response": []
				}
			]
		},
		{
			"name": "Projects",
			"item": [
				{
					"name": "New Request",
					"request": {
						"method": "POST",
						"header": [],
						"body": {
							"mode": "raw",
							"raw": "{\r\n  \"name\": \"New Project\",\r\n  \"description\": \"This is a description of the new project.\",\r\n  \"startDate\": \"2024-08-10T00:00:00Z\",\r\n  \"deadline\": \"2024-12-31T23:59:59Z\",\r\n  \"finishDate\": \"2024-12-15T23:59:59Z\",\r\n  \"status\": {\r\n    \"status\": \"IN_PROGRESS\",\r\n    \"description\": \"The project is currently in progress.\"\r\n  }\r\n}\r\n",
							"options": {
								"raw": {
									"language": "json"
								}
							}
						},
						"url": {
							"raw": "{{api_url}}:{{api_port}}/api/v1/projects",
							"host": [
								"{{api_url}}"
							],
							"port": "{{api_port}}",
							"path": [
								"api",
								"v1",
								"projects"
							]
						}
					},
					"response": []
				},
				{
					"name": "New Request",
					"request": {
						"method": "GET",
						"header": [],
						"url": {
							"raw": "{{api_url}}:{{api_port}}/api/v1/projects/0ed903be-908e-4d2a-bd42-e4d92b967203",
							"host": [
								"{{api_url}}"
							],
							"port": "{{api_port}}",
							"path": [
								"api",
								"v1",
								"projects",
								"0ed903be-908e-4d2a-bd42-e4d92b967203"
							]
						}
					},
					"response": []
				},
				{
					"name": "New Request",
					"request": {
						"method": "GET",
						"header": [],
						"url": {
							"raw": "{{api_url}}:{{api_port}}/api/v1/projects",
							"host": [
								"{{api_url}}"
							],
							"port": "{{api_port}}",
							"path": [
								"api",
								"v1",
								"projects"
							]
						}
					},
					"response": []
				},
				{
					"name": "New Request",
					"request": {
						"method": "PUT",
						"header": [],
						"body": {
							"mode": "raw",
							"raw": "{\r\n  \"name\": \"name\",\r\n  \"description\": \"This is a description of the new project.\",\r\n  \"startDate\": \"2024-08-10T00:00:00Z\",\r\n  \"deadline\": \"2024-12-31T23:59:59Z\",\r\n  \"finishDate\": \"2024-12-15T23:59:59Z\",\r\n  \"status\": {\r\n    \"status\": \"IN_PROGRESS\",\r\n    \"description\": \"The project is currently in progress.\"\r\n  }\r\n}",
							"options": {
								"raw": {
									"language": "json"
								}
							}
						},
						"url": {
							"raw": "{{api_url}}:{{api_port}}/api/v1/projects/2f881deb-9a79-46f4-9901-f5dee1a73497",
							"host": [
								"{{api_url}}"
							],
							"port": "{{api_port}}",
							"path": [
								"api",
								"v1",
								"projects",
								"2f881deb-9a79-46f4-9901-f5dee1a73497"
							]
						}
					},
					"response": []
				},
				{
					"name": "New Request",
					"request": {
						"method": "DELETE",
						"header": [],
						"url": {
							"raw": "{{api_url}}:{{api_port}}/api/v1/projects/bf239145-31fa-4987-86b6-5a599eb37cd1",
							"host": [
								"{{api_url}}"
							],
							"port": "{{api_port}}",
							"path": [
								"api",
								"v1",
								"projects",
								"bf239145-31fa-4987-86b6-5a599eb37cd1"
							]
						}
					},
					"response": []
				}
			]
		},
		{
			"name": "ProjectRoles",
			"item": [
				{
					"name": "New Request",
					"request": {
						"method": "POST",
						"header": [],
						"body": {
							"mode": "raw",
							"raw": "{\r\n    \"employeeRole\": \"Developer\",\r\n    \"description\": \"Responsible for developing features\"\r\n}\r\n\r\n",
							"options": {
								"raw": {
									"language": "json"
								}
							}
						},
						"url": {
							"raw": "{{api_url}}:{{api_port}}/api/v1/projects/20336d66-f804-4104-84dc-f36b2c2457c1/roles",
							"host": [
								"{{api_url}}"
							],
							"port": "{{api_port}}",
							"path": [
								"api",
								"v1",
								"projects",
								"20336d66-f804-4104-84dc-f36b2c2457c1",
								"roles"
							]
						}
					},
					"response": []
				},
				{
					"name": "New Request",
					"request": {
						"method": "GET",
						"header": [],
						"url": {
							"raw": "{{api_url}}:{{api_port}}/api/v1/projects/20336d66-f804-4104-84dc-f36b2c2457c1/roles",
							"host": [
								"{{api_url}}"
							],
							"port": "{{api_port}}",
							"path": [
								"api",
								"v1",
								"projects",
								"20336d66-f804-4104-84dc-f36b2c2457c1",
								"roles"
							]
						}
					},
					"response": []
				},
				{
					"name": "New Request",
					"request": {
						"method": "GET",
						"header": [],
						"url": {
							"raw": "{{api_url}}:{{api_port}}/api/v1/projects/20336d66-f804-4104-84dc-f36b2c2457c1/roles/92ae2b25-6937-4cd9-869a-9bd8d3d6e9cc",
							"host": [
								"{{api_url}}"
							],
							"port": "{{api_port}}",
							"path": [
								"api",
								"v1",
								"projects",
								"20336d66-f804-4104-84dc-f36b2c2457c1",
								"roles",
								"92ae2b25-6937-4cd9-869a-9bd8d3d6e9cc"
							]
						}
					},
					"response": []
				},
				{
					"name": "New Request",
					"request": {
						"method": "PUT",
						"header": [],
						"body": {
							"mode": "raw",
							"raw": "{\r\n    \"employeeRole\": \"Developerrrrr\",\r\n    \"description\": \"Responsible for developing features\"\r\n}\r\n",
							"options": {
								"raw": {
									"language": "json"
								}
							}
						},
						"url": {
							"raw": "{{api_url}}:{{api_port}}/api/v1/projects/20336d66-f804-4104-84dc-f36b2c2457c1/roles/92ae2b25-6937-4cd9-869a-9bd8d3d6e9cc",
							"host": [
								"{{api_url}}"
							],
							"port": "{{api_port}}",
							"path": [
								"api",
								"v1",
								"projects",
								"20336d66-f804-4104-84dc-f36b2c2457c1",
								"roles",
								"92ae2b25-6937-4cd9-869a-9bd8d3d6e9cc"
							]
						}
					},
					"response": []
				},
				{
					"name": "New Request",
					"request": {
						"method": "DELETE",
						"header": [],
						"url": {
							"raw": "{{api_url}}:{{api_port}}/api/v1/projects/{projectId}/roles/{roleId}",
							"host": [
								"{{api_url}}"
							],
							"port": "{{api_port}}",
							"path": [
								"api",
								"v1",
								"projects",
								"{projectId}",
								"roles",
								"{roleId}"
							]
						}
					},
					"response": []
				}
			]
		},
		{
			"name": "Tasks",
			"item": [
				{
					"name": "New Request",
					"request": {
						"method": "POST",
						"header": [],
						"body": {
							"mode": "raw",
							"raw": "{\r\n  \"name\": \"Develop New Feature\",\r\n  \"status\": \"IN_PROGRESS\",\r\n  \"description\": \"This task involves developing a new feature for the application.\",\r\n  \"startDate\": \"2024-08-01T10:00:00\",\r\n  \"deadline\": \"2024-08-15T18:00:00\",\r\n  \"finishDate\": \"2024-08-14T18:00:00\",\r\n  \"projectUUID\": \"3a9f5a5f-2374-4b23-b22e-3bcdbcd9b493\"\r\n}\r\n\r\n",
							"options": {
								"raw": {
									"language": "json"
								}
							}
						},
						"url": {
							"raw": "{{api_url}}:{{api_port}}/api/v1/tasks",
							"host": [
								"{{api_url}}"
							],
							"port": "{{api_port}}",
							"path": [
								"api",
								"v1",
								"tasks"
							]
						}
					},
					"response": []
				},
				{
					"name": "New Request",
					"request": {
						"method": "GET",
						"header": [],
						"url": {
							"raw": "{{api_url}}:{{api_port}}/api/v1/tasks/cd961b3d-639f-4ddc-9f57-5e99fa797d23",
							"host": [
								"{{api_url}}"
							],
							"port": "{{api_port}}",
							"path": [
								"api",
								"v1",
								"tasks",
								"cd961b3d-639f-4ddc-9f57-5e99fa797d23"
							]
						}
					},
					"response": []
				},
				{
					"name": "New Request",
					"request": {
						"method": "GET",
						"header": [],
						"url": {
							"raw": "{{api_url}}:{{api_port}}/api/v1/tasks",
							"host": [
								"{{api_url}}"
							],
							"port": "{{api_port}}",
							"path": [
								"api",
								"v1",
								"tasks"
							]
						}
					},
					"response": []
				},
				{
					"name": "New Request",
					"request": {
						"method": "PUT",
						"header": [],
						"body": {
							"mode": "raw",
							"raw": "{\r\n  \"name\": \"Develop New \",\r\n  \"status\": \"IN_PROGRESS\",\r\n  \"description\": \"This task involves developing a new feature for the application.\",\r\n  \"startDate\": \"2024-08-01T10:00:00\",\r\n  \"deadline\": \"2024-08-15T18:00:00\",\r\n  \"finishDate\": \"2024-08-14T18:00:00\",\r\n  \"projectUUID\": \"3a9f5a5f-2374-4b23-b22e-3bcdbcd9b493\"\r\n}\r\n\r\n",
							"options": {
								"raw": {
									"language": "json"
								}
							}
						},
						"url": {
							"raw": "{{api_url}}:{{api_port}}/api/v1/tasks/cd961b3d-639f-4ddc-9f57-5e99fa797d23",
							"host": [
								"{{api_url}}"
							],
							"port": "{{api_port}}",
							"path": [
								"api",
								"v1",
								"tasks",
								"cd961b3d-639f-4ddc-9f57-5e99fa797d23"
							]
						}
					},
					"response": []
				},
				{
					"name": "New Request",
					"request": {
						"method": "DELETE",
						"header": [],
						"url": {
							"raw": "{{api_url}}:{{api_port}}/api/v1/tasks/bf239145-31fa-4987-86b6-5a599eb37cd1",
							"host": [
								"{{api_url}}"
							],
							"port": "{{api_port}}",
							"path": [
								"api",
								"v1",
								"tasks",
								"bf239145-31fa-4987-86b6-5a599eb37cd1"
							]
						}
					},
					"response": []
				}
			]
		},
		{
			"name": "Comments",
			"item": [
				{
					"name": "New Request",
					"request": {
						"method": "POST",
						"header": [],
						"body": {
							"mode": "raw",
							"raw": "{\r\n  \"title\": \"Task Progress Update\",\r\n  \"description\": \"Completed the initial setup and integration tests.\",\r\n  \"employeeUUID\": \"75499597-7137-4c48-8c7a-c74af8a7c4b3\",\r\n  \"taskUUID\": \"cd961b3d-639f-4ddc-9f57-5e99fa797d23\"\r\n}\r\n\r\n",
							"options": {
								"raw": {
									"language": "json"
								}
							}
						},
						"url": {
							"raw": "{{api_url}}:{{api_port}}/api/v1/comments",
							"host": [
								"{{api_url}}"
							],
							"port": "{{api_port}}",
							"path": [
								"api",
								"v1",
								"comments"
							]
						}
					},
					"response": []
				},
				{
					"name": "New Request",
					"request": {
						"method": "GET",
						"header": [],
						"url": {
							"raw": "{{api_url}}:{{api_port}}/api/v1/comments/cd961b3d-639f-4ddc-9f57-5e99fa797d23",
							"host": [
								"{{api_url}}"
							],
							"port": "{{api_port}}",
							"path": [
								"api",
								"v1",
								"comments",
								"cd961b3d-639f-4ddc-9f57-5e99fa797d23"
							]
						}
					},
					"response": []
				},
				{
					"name": "New Request",
					"request": {
						"method": "GET",
						"header": [],
						"url": {
							"raw": "{{api_url}}:{{api_port}}/api/v1/comments",
							"host": [
								"{{api_url}}"
							],
							"port": "{{api_port}}",
							"path": [
								"api",
								"v1",
								"comments"
							]
						}
					},
					"response": []
				},
				{
					"name": "New Request",
					"request": {
						"method": "PUT",
						"header": [],
						"body": {
							"mode": "raw",
							"raw": "{\r\n  \"name\": \"Develop New \",\r\n  \"status\": \"IN_PROGRESS\",\r\n  \"description\": \"This task involves developing a new feature for the application.\",\r\n  \"startDate\": \"2024-08-01T10:00:00\",\r\n  \"deadline\": \"2024-08-15T18:00:00\",\r\n  \"finishDate\": \"2024-08-14T18:00:00\",\r\n  \"projectUUID\": \"3a9f5a5f-2374-4b23-b22e-3bcdbcd9b493\"\r\n}\r\n\r\n",
							"options": {
								"raw": {
									"language": "json"
								}
							}
						},
						"url": {
							"raw": "{{api_url}}:{{api_port}}/api/v1/comments/cd961b3d-639f-4ddc-9f57-5e99fa797d23",
							"host": [
								"{{api_url}}"
							],
							"port": "{{api_port}}",
							"path": [
								"api",
								"v1",
								"comments",
								"cd961b3d-639f-4ddc-9f57-5e99fa797d23"
							]
						}
					},
					"response": []
				},
				{
					"name": "New Request",
					"request": {
						"method": "DELETE",
						"header": [],
						"url": {
							"raw": "{{api_url}}:{{api_port}}/api/v1/comments/bf239145-31fa-4987-86b6-5a599eb37cd1",
							"host": [
								"{{api_url}}"
							],
							"port": "{{api_port}}",
							"path": [
								"api",
								"v1",
								"comments",
								"bf239145-31fa-4987-86b6-5a599eb37cd1"
							]
						}
					},
					"response": []
				}
			]
		},
		{
			"name": "Employees",
			"item": [
				{
					"name": "New Request",
					"request": {
						"auth": {
							"type": "bearer",
							"bearer": [
								{
									"key": "token",
									"value": "{{bearer_id}}",
									"type": "string"
								}
							]
						},
						"method": "GET",
						"header": [],
						"url": {
							"raw": "{{api_url}}:{{api_port}}/api/v1/employees",
							"host": [
								"{{api_url}}"
							],
							"port": "{{api_port}}",
							"path": [
								"api",
								"v1",
								"employees"
							]
						}
					},
					"response": []
				},
				{
					"name": "New Request",
					"request": {
						"method": "GET",
						"header": [],
						"url": {
							"raw": "{{api_url}}:{{api_port}}/api/v1/employees/me",
							"host": [
								"{{api_url}}"
							],
							"port": "{{api_port}}",
							"path": [
								"api",
								"v1",
								"employees",
								"me"
							]
						}
					},
					"response": []
				},
				{
					"name": "New Request",
					"request": {
						"method": "PUT",
						"header": [],
						"url": {
							"raw": "{{api_url}}:{{api_port}}/api/v1/employees/",
							"host": [
								"{{api_url}}"
							],
							"port": "{{api_port}}",
							"path": [
								"api",
								"v1",
								"employees",
								""
							]
						}
					},
					"response": []
				},
				{
					"name": "New Request",
					"request": {
						"method": "DELETE",
						"header": [],
						"url": {
							"raw": "{{api_url}}:{{api_port}}/api/v1/employees/e5b09f6d-dadc-410f-bd9b-23230004cf97",
							"host": [
								"{{api_url}}"
							],
							"port": "{{api_port}}",
							"path": [
								"api",
								"v1",
								"employees",
								"e5b09f6d-dadc-410f-bd9b-23230004cf97"
							]
						}
					},
					"response": []
				}
			]
		}
	],
	"auth": {
		"type": "bearer",
		"bearer": [
			{
				"key": "token",
				"value": "{{bearer_id}}",
				"type": "string"
			}
		]
	},
	"event": [
		{
			"listen": "prerequest",
			"script": {
				"type": "text/javascript",
				"exec": [
					""
				]
			}
		},
		{
			"listen": "test",
			"script": {
				"type": "text/javascript",
				"exec": [
					""
				]
			}
		}
	],
	"variable": [
		{
			"key": "id",
			"value": "1"
		},
		{
			"key": "base_url",
			"value": "https://postman-rest-api-learner.glitch.me/"
		},
		{
			"key": "bearer_id",
			"value": "eyJhbGciOiJIUzUxMiJ9.eyJmdWxsTmFtZSI6IlN1cGVyIFVzZXIiLCJzdWIiOiJzdXBlcnVzZXJAZ21haWwuY29tIiwiaWF0IjoxNzI0NDEyOTIzLCJleHAiOjE3MjQ0OTkzMjMsImF1dGhvcml0aWVzIjpbIlNVUEVSX1VTRVIiXX0.qC7q5UX4Akbtr2U9AJWK4SBFVh_RwWlNsCqRQkUK2-gSYlYJl1j1ouko9JfHgcXGuvvuXWbLUy6KX_B0p--ldw",
			"type": "string"
		}
	]
}